{
  "span_level": {
    "metrics": {
      "precision": [
        1.0,
        0.7777777777777778,
        0.4444444444444444,
        0.46153846153846156,
        0.7142857142857143,
        0.5,
        0.4444444444444444,
        0.7142857142857143,
        0.75,
        0.42857142857142855,
        0.5833333333333334,
        0.7272727272727273,
        0.0,
        0.2857142857142857,
        1.0,
        0.2857142857142857,
        0.0,
        0.42857142857142855,
        0.5833333333333334,
        0.0,
        0.8888888888888888,
        0.4,
        0.3333333333333333,
        1.0,
        0.6923076923076923,
        0.875,
        0.42857142857142855,
        0.5,
        1.0,
        0.6
      ],
      "recall": [
        1.0,
        0.3181818181818182,
        0.26666666666666666,
        0.2857142857142857,
        0.16129032258064516,
        0.23529411764705882,
        0.16666666666666666,
        0.37037037037037035,
        0.23076923076923078,
        0.35294117647058826,
        0.35,
        0.4,
        0.0,
        0.09523809523809523,
        0.2857142857142857,
        0.07142857142857142,
        0.0,
        0.16666666666666666,
        0.5,
        0.0,
        0.4,
        0.2222222222222222,
        0.12121212121212122,
        0.4666666666666667,
        0.34615384615384615,
        0.25,
        0.3,
        0.2222222222222222,
        0.17647058823529413,
        0.23076923076923078
      ],
      "f1": [
        1.0,
        0.45161290322580644,
        0.33333333333333337,
        0.35294117647058826,
        0.2631578947368421,
        0.31999999999999995,
        0.24242424242424243,
        0.4878048780487805,
        0.3529411764705882,
        0.3870967741935484,
        0.4375,
        0.5161290322580645,
        0.0,
        0.14285714285714285,
        0.4444444444444445,
        0.1142857142857143,
        0.0,
        0.24,
        0.5384615384615384,
        0.0,
        0.5517241379310346,
        0.2857142857142857,
        0.17777777777777776,
        0.6363636363636364,
        0.46153846153846156,
        0.3888888888888889,
        0.3529411764705882,
        0.30769230769230765,
        0.3,
        0.33333333333333337
      ]
    },
    "macro": {
      "precision": 0.5615796240796243,
      "recall": 0.26642197238655174,
      "f1": 0.3473654752306984
    }
  },
  "token_level": {
    "metrics": {
      "precision": [
        1.0,
        0.95,
        0.7142857142857143,
        0.8064516129032258,
        1.0,
        0.8636363636363636,
        0.9615384615384616,
        0.8666666666666667,
        0.6,
        0.7142857142857143,
        0.8928571428571429,
        0.896551724137931,
        0.0,
        0.9523809523809523,
        1.0,
        0.9473684210526315,
        0.0,
        0.68,
        0.8787878787878788,
        0.0,
        0.8666666666666667,
        0.7692307692307693,
        0.7941176470588235,
        1.0,
        0.9,
        0.8181818181818182,
        0.6,
        0.6,
        1.0,
        1.0
      ],
      "recall": [
        1.0,
        0.4418604651162791,
        0.35714285714285715,
        0.5681818181818182,
        0.35,
        0.5,
        0.5208333333333334,
        0.5306122448979592,
        0.15789473684210525,
        0.4,
        0.5813953488372093,
        0.4406779661016949,
        0.0,
        0.4878048780487805,
        0.25,
        0.34615384615384615,
        0.0,
        0.4594594594594595,
        0.8787878787878788,
        0.0,
        0.29545454545454547,
        0.5263157894736842,
        0.38028169014084506,
        0.42857142857142855,
        0.5625,
        0.1956521739130435,
        0.375,
        0.3,
        0.16129032258064516,
        0.2916666666666667
      ],
      "f1": [
        1.0,
        0.6031746031746031,
        0.4761904761904762,
        0.6666666666666667,
        0.5185185185185185,
        0.6333333333333333,
        0.6756756756756757,
        0.6582278481012658,
        0.25,
        0.5128205128205129,
        0.7042253521126761,
        0.5909090909090909,
        0.0,
        0.6451612903225806,
        0.4,
        0.5070422535211268,
        0.0,
        0.5483870967741935,
        0.8787878787878788,
        0.0,
        0.44067796610169496,
        0.625,
        0.5142857142857142,
        0.6,
        0.6923076923076923,
        0.3157894736842105,
        0.4615384615384615,
        0.4,
        0.27777777777777773,
        0.45161290322580644
      ]
    },
    "macro": {
      "precision": 0.7691002517890252,
      "recall": 0.392917914990136,
      "f1": 0.5016036861943319
    }
  }
}