{
  "span_level": {
    "metrics": {
      "precision": [
        0.0,
        0.6666666666666666,
        0.6,
        0.5714285714285714,
        0.0,
        0.3333333333333333,
        0.4166666666666667,
        0.6,
        0.25,
        0.0,
        0.0,
        0.6923076923076923,
        0.0,
        0.3076923076923077,
        0.0,
        0.3333333333333333,
        0.0,
        0.375,
        0.5,
        1.0,
        0.8333333333333334,
        0.4,
        0.3333333333333333,
        1.0,
        0.5714285714285714,
        0.0,
        0.42857142857142855,
        0.4,
        0.0,
        1.0
      ],
      "recall": [
        0.0,
        0.2727272727272727,
        0.2,
        0.19047619047619047,
        0.0,
        0.23529411764705882,
        0.20833333333333334,
        0.3333333333333333,
        0.3076923076923077,
        0.0,
        0.0,
        0.45,
        0.0,
        0.19047619047619047,
        0.0,
        0.07142857142857142,
        0.0,
        0.16666666666666666,
        0.42857142857142855,
        0.2,
        0.5,
        0.2222222222222222,
        0.12121212121212122,
        0.4,
        0.3076923076923077,
        0.0,
        0.3,
        0.2222222222222222,
        0.0,
        0.15384615384615385
      ],
      "f1": [
        0.0,
        0.3870967741935484,
        0.3,
        0.2857142857142857,
        0.0,
        0.27586206896551724,
        0.2777777777777778,
        0.42857142857142855,
        0.27586206896551724,
        0.0,
        0.0,
        0.5454545454545455,
        0.0,
        0.23529411764705882,
        0.0,
        0.11764705882352941,
        0.0,
        0.23076923076923078,
        0.4615384615384615,
        0.33333333333333337,
        0.625,
        0.2857142857142857,
        0.17777777777777776,
        0.5714285714285715,
        0.4,
        0.0,
        0.3529411764705882,
        0.2857142857142857,
        0.0,
        0.2666666666666667
      ]
    },
    "macro": {
      "precision": 0.38710317460317456,
      "recall": 0.18273981465157937,
      "f1": 0.23733879718421363
    }
  },
  "token_level": {
    "metrics": {
      "precision": [
        0.0,
        0.8888888888888888,
        0.7,
        0.9,
        0.0,
        0.696969696969697,
        0.7575757575757576,
        0.8,
        0.2857142857142857,
        0.0,
        0.0,
        0.84375,
        0.0,
        0.7575757575757576,
        0.0,
        0.9444444444444444,
        0.0,
        0.5862068965517241,
        0.8285714285714286,
        1.0,
        0.8846153846153846,
        0.7692307692307693,
        0.7142857142857143,
        1.0,
        0.7777777777777778,
        0.0,
        0.6,
        0.5,
        0.0,
        1.0
      ],
      "recall": [
        0.0,
        0.37209302325581395,
        0.25,
        0.4090909090909091,
        0.0,
        0.6052631578947368,
        0.5208333333333334,
        0.5714285714285714,
        0.5263157894736842,
        0.0,
        0.0,
        0.4576271186440678,
        0.0,
        0.6097560975609756,
        0.0,
        0.3269230769230769,
        0.0,
        0.4594594594594595,
        0.8787878787878788,
        0.14285714285714285,
        0.5227272727272727,
        0.5263157894736842,
        0.352112676056338,
        0.2857142857142857,
        0.5833333333333334,
        0.0,
        0.375,
        0.3,
        0.0,
        0.16666666666666666
      ],
      "f1": [
        0.0,
        0.5245901639344261,
        0.3684210526315789,
        0.5625000000000001,
        0.0,
        0.6478873239436619,
        0.617283950617284,
        0.6666666666666666,
        0.37037037037037035,
        0.0,
        0.0,
        0.5934065934065933,
        0.0,
        0.6756756756756757,
        0.0,
        0.48571428571428577,
        0.0,
        0.5151515151515151,
        0.8529411764705883,
        0.25,
        0.6571428571428571,
        0.625,
        0.47169811320754707,
        0.4444444444444445,
        0.6666666666666666,
        0.0,
        0.4615384615384615,
        0.37499999999999994,
        0.0,
        0.2857142857142857
      ]
    },
    "macro": {
      "precision": 0.541186893406721,
      "recall": 0.308076852756041,
      "f1": 0.37059378677656357
    }
  }
}