{
  "span_level": {
    "metrics": {
      "precision": [
        0.0,
        0.9090909090909091,
        0.6153846153846154,
        0.75,
        0.0,
        0.46153846153846156,
        0.6470588235294118,
        0.8888888888888888,
        0.5,
        0.5,
        0.52,
        0.68,
        0.18181818181818182,
        0.68,
        0.23809523809523808,
        0.0,
        0.0,
        0.0,
        0.5,
        0.3,
        0.6428571428571429,
        0.4,
        0.71875,
        0.75,
        0.84,
        0.0,
        0.3333333333333333,
        0.26666666666666666,
        0.0,
        0.0
      ],
      "recall": [
        0.0,
        0.45454545454545453,
        0.5333333333333333,
        0.8571428571428571,
        0.0,
        0.7058823529411765,
        0.4583333333333333,
        0.8888888888888888,
        0.5384615384615384,
        0.5882352941176471,
        0.65,
        0.85,
        0.2,
        0.8095238095238095,
        0.7142857142857143,
        0.0,
        0.0,
        0.0,
        0.8571428571428571,
        0.6,
        0.9,
        0.2222222222222222,
        0.696969696969697,
        0.6,
        0.8076923076923077,
        0.0,
        0.3,
        0.4444444444444444,
        0.0,
        0.0
      ],
      "f1": [
        0.0,
        0.6060606060606061,
        0.5714285714285715,
        0.7999999999999999,
        0.0,
        0.558139534883721,
        0.5365853658536585,
        0.8888888888888888,
        0.5185185185185186,
        0.5405405405405405,
        0.5777777777777778,
        0.7555555555555556,
        0.1904761904761905,
        0.7391304347826089,
        0.35714285714285715,
        0.0,
        0.0,
        0.0,
        0.631578947368421,
        0.4,
        0.75,
        0.2857142857142857,
        0.7076923076923077,
        0.6666666666666665,
        0.8235294117647058,
        0.0,
        0.3157894736842105,
        0.33333333333333337,
        0.0,
        0.0
      ]
    },
    "macro": {
      "precision": 0.410782742040095,
      "recall": 0.45590347016817606,
      "f1": 0.41848497560444753
    }
  },
  "token_level": {
    "metrics": {
      "precision": [
        0.0,
        0.8846153846153846,
        0.65625,
        0.8367346938775511,
        0.0,
        0.7037037037037037,
        0.8780487804878049,
        0.8775510204081632,
        0.6956521739130435,
        0.6521739130434783,
        0.7450980392156863,
        0.7796610169491526,
        0.7241379310344828,
        0.72,
        0.30434782608695654,
        0.0,
        0.0,
        0.0,
        0.6956521739130435,
        0.38461538461538464,
        0.7413793103448276,
        0.7777777777777778,
        0.75,
        0.7837837837837838,
        0.9565217391304348,
        0.0,
        0.5714285714285714,
        0.23809523809523808,
        0.0,
        0.0
      ],
      "recall": [
        0.0,
        0.5348837209302325,
        0.75,
        0.9318181818181818,
        0.0,
        1.0,
        0.75,
        0.8775510204081632,
        0.8421052631578947,
        0.6,
        0.8837209302325582,
        0.7796610169491526,
        0.75,
        0.8780487804878049,
        0.875,
        0.0,
        0.0,
        0.0,
        0.9696969696969697,
        0.7142857142857143,
        0.9772727272727273,
        0.3684210526315789,
        0.7183098591549296,
        0.5918367346938775,
        0.9166666666666666,
        0.0,
        0.5,
        0.5,
        0.0,
        0.0
      ],
      "f1": [
        0.0,
        0.6666666666666665,
        0.7,
        0.8817204301075268,
        0.0,
        0.8260869565217391,
        0.8089887640449439,
        0.8775510204081631,
        0.761904761904762,
        0.6250000000000001,
        0.8085106382978724,
        0.7796610169491526,
        0.736842105263158,
        0.7912087912087912,
        0.4516129032258065,
        0.0,
        0.0,
        0.0,
        0.810126582278481,
        0.5,
        0.8431372549019609,
        0.5,
        0.7338129496402879,
        0.6744186046511628,
        0.9361702127659574,
        0.0,
        0.5333333333333333,
        0.3225806451612903,
        0.0,
        0.0
      ]
    },
    "macro": {
      "precision": 0.5119076154141491,
      "recall": 0.5569759546128817,
      "f1": 0.5189777879110352
    }
  }
}