{
  "span_level": {
    "metrics": {
      "precision": [
        0.0,
        0.9230769230769231,
        0.6923076923076923,
        0.0,
        0.0,
        0.4583333333333333,
        0.6086956521739131,
        0.8076923076923077,
        0.6,
        0.47368421052631576,
        0.6363636363636364,
        0.8421052631578947,
        0.3333333333333333,
        0.6666666666666666,
        0.16666666666666666,
        0.0,
        0.0,
        0.0,
        0.4782608695652174,
        0.4,
        0.85,
        0.5714285714285714,
        0.76,
        0.7307692307692307,
        0.0,
        0.0,
        0.3,
        0.4,
        0.6,
        0.0
      ],
      "recall": [
        0.0,
        0.5454545454545454,
        0.6,
        0.0,
        0.0,
        0.6470588235294118,
        0.5833333333333334,
        0.7777777777777778,
        0.46153846153846156,
        0.5294117647058824,
        0.35,
        0.8,
        0.3,
        0.7619047619047619,
        0.7142857142857143,
        0.0,
        0.0,
        0.0,
        0.7857142857142857,
        0.8,
        0.85,
        0.4444444444444444,
        0.5757575757575758,
        0.6333333333333333,
        0.0,
        0.0,
        0.3,
        0.4444444444444444,
        0.5294117647058824,
        0.0
      ],
      "f1": [
        0.0,
        0.6857142857142856,
        0.6428571428571429,
        0.0,
        0.0,
        0.5365853658536585,
        0.5957446808510638,
        0.7924528301886792,
        0.5217391304347826,
        0.5,
        0.45161290322580644,
        0.8205128205128205,
        0.3157894736842105,
        0.7111111111111111,
        0.2702702702702703,
        0.0,
        0.0,
        0.0,
        0.5945945945945946,
        0.5333333333333333,
        0.85,
        0.5,
        0.6551724137931034,
        0.6785714285714285,
        0.0,
        0.0,
        0.3,
        0.4210526315789474,
        0.5625,
        0.0
      ]
    },
    "macro": {
      "precision": 0.4099794785687234,
      "recall": 0.4144623676976618,
      "f1": 0.3979871472191746
    }
  },
  "token_level": {
    "metrics": {
      "precision": [
        0.0,
        1.0,
        0.7777777777777778,
        0.0,
        0.0,
        0.7608695652173914,
        0.8780487804878049,
        0.7843137254901961,
        0.8333333333333334,
        0.7619047619047619,
        0.8846153846153846,
        0.8863636363636364,
        0.8076923076923077,
        0.6862745098039216,
        0.2,
        0.0,
        0.0,
        0.0,
        0.6976744186046512,
        0.42857142857142855,
        0.8913043478260869,
        0.8461538461538461,
        0.8148148148148148,
        0.7894736842105263,
        0.0,
        0.0,
        0.42857142857142855,
        0.38461538461538464,
        0.7894736842105263,
        0.0
      ],
      "recall": [
        0.0,
        0.627906976744186,
        0.5,
        0.0,
        0.0,
        0.9210526315789473,
        0.75,
        0.8163265306122449,
        0.7894736842105263,
        0.64,
        0.5348837209302325,
        0.6610169491525424,
        0.75,
        0.8536585365853658,
        0.875,
        0.0,
        0.0,
        0.0,
        0.9090909090909091,
        0.8571428571428571,
        0.9318181818181818,
        0.5789473684210527,
        0.6197183098591549,
        0.6122448979591837,
        0.0,
        0.0,
        0.375,
        0.5,
        0.4838709677419355,
        0.0
      ],
      "f1": [
        0.0,
        0.7714285714285715,
        0.6086956521739131,
        0.0,
        0.0,
        0.8333333333333333,
        0.8089887640449439,
        0.8,
        0.8108108108108109,
        0.6956521739130435,
        0.6666666666666665,
        0.7572815533980584,
        0.7777777777777779,
        0.7608695652173912,
        0.32558139534883723,
        0.0,
        0.0,
        0.0,
        0.7894736842105263,
        0.5714285714285714,
        0.9111111111111111,
        0.6875,
        0.704,
        0.6896551724137931,
        0.0,
        0.0,
        0.39999999999999997,
        0.4347826086956522,
        0.6,
        0.0
      ]
    },
    "macro": {
      "precision": 0.5110615606755069,
      "recall": 0.48623841739491064,
      "f1": 0.4801679137324334
    }
  }
}